{"input_size":28,"output_size":3,"weights":[[0.029808044,0.029808044,0.029808044,0.029808044,0.029808044,0.029808044,0.029808044,0.029808044,0.029808044,0.029808044,0.029808044,0.029808044,0.029808044,0.029808044,0.029808044,0.029808044,0.029808044,0.029808044,0.029808044,0.029808044,0.029808044,0.029808044,0.029808044,0.029808044,0.029808044,0.029808044,0.029808044,0.029808044],[0.029808044,0.029808044,0.029808044,0.029808044,0.029808044,0.029808044,0.029808044,0.029808044,0.029808044,0.029808044,0.029808044,0.029808044,0.029808044,0.029808044,0.029808044,0.029808044,0.029808044,0.029808044,0.029808044,0.029808044,0.029808044,0.029808044,0.029808044,0.029808044,0.029808044,0.029808044,0.029808044,0.029808044],[0.029808044,0.029808044,0.029808044,0.029808044,0.029808044,0.029808044,0.029808044,0.029808044,0.029808044,0.029808044,0.029808044,0.029808044,0.029808044,0.029808044,0.029808044,0.029808044,0.029808044,0.029808044,0.029808044,0.029808044,0.029808044,0.029808044,0.029808044,0.029808044,0.029808044,0.029808044,0.029808044,0.029808044]],"biases":[0.0,0.0,0.0],"acc_gradients":[[0.0,0.0,0.0,0.0,0.0,0.0,0.0,0.0,0.0,0.0,0.0,0.0,0.0,0.0,0.0,0.0,0.0,0.0,0.0,0.0,0.0,0.0,0.0,0.0,0.0,0.0,0.0,0.0],[0.0,0.0,0.0,0.0,0.0,0.0,0.0,0.0,0.0,0.0,0.0,0.0,0.0,0.0,0.0,0.0,0.0,0.0,0.0,0.0,0.0,0.0,0.0,0.0,0.0,0.0,0.0,0.0],[0.0,0.0,0.0,0.0,0.0,0.0,0.0,0.0,0.0,0.0,0.0,0.0,0.0,0.0,0.0,0.0,0.0,0.0,0.0,0.0,0.0,0.0,0.0,0.0,0.0,0.0,0.0,0.0]],"acc_biases":[0.0,0.0,0.0],"learning_rate":0.01}